timestamp,internet_value
2013-10-28 23:00:00+00:00,55.01
2013-10-29 00:00:00+00:00,44.49
2013-10-29 01:00:00+00:00,31.84
2013-10-29 02:00:00+00:00,30.26
2013-10-29 03:00:00+00:00,29.1
2013-10-29 04:00:00+00:00,36.8
2013-10-29 05:00:00+00:00,44.58
2013-10-29 06:00:00+00:00,51.31
2013-10-29 07:00:00+00:00,53.46
2013-10-29 08:00:00+00:00,47.59
2013-10-29 09:00:00+00:00,47.09
2013-10-29 10:00:00+00:00,49.23
2013-10-29 11:00:00+00:00,47.57
2013-10-29 12:00:00+00:00,55.9
2013-10-29 13:00:00+00:00,56.73
2013-10-29 14:00:00+00:00,65
2013-10-29 15:00:00+00:00,68.52
2013-10-29 16:00:00+00:00,69.14
2013-10-29 17:00:00+00:00,74.81
2013-10-29 18:00:00+00:00,84.07
2013-10-29 19:00:00+00:00,87.67
2013-10-29 20:00:00+00:00,86.7
2013-10-29 21:00:00+00:00,81.8
2013-10-29 22:00:00+00:00,61.51
2013-10-29 23:00:00+00:00,52.68
2013-10-30 00:00:00+00:00,40.54
2013-10-30 01:00:00+00:00,37.57
2013-10-30 02:00:00+00:00,31.95
2013-10-30 03:00:00+00:00,30.67
2013-10-30 04:00:00+00:00,33.66
2013-10-30 05:00:00+00:00,45.03
2013-10-30 06:00:00+00:00,56.68
2013-10-30 07:00:00+00:00,51.94
2013-10-30 08:00:00+00:00,55.37
2013-10-30 09:00:00+00:00,55.83
2013-10-30 10:00:00+00:00,53.06
2013-10-30 11:00:00+00:00,53.19
2013-10-30 12:00:00+00:00,57.43
2013-10-30 13:00:00+00:00,56.95
2013-10-30 14:00:00+00:00,64.82
2013-10-30 15:00:00+00:00,71.15
2013-10-30 16:00:00+00:00,76.87
2013-10-30 17:00:00+00:00,95.47
2013-10-30 18:00:00+00:00,90.89
2013-10-30 19:00:00+00:00,90.43
2013-10-30 20:00:00+00:00,87.14
2013-10-30 21:00:00+00:00,85.7
2013-10-30 22:00:00+00:00,73.23
2013-10-30 23:00:00+00:00,57.67
2013-10-31 00:00:00+00:00,52.06
2013-10-31 01:00:00+00:00,41.86
2013-10-31 02:00:00+00:00,36.52
2013-10-31 03:00:00+00:00,39.24
2013-10-31 04:00:00+00:00,41.46
2013-10-31 05:00:00+00:00,42.84
2013-10-31 06:00:00+00:00,49.69
2013-10-31 07:00:00+00:00,58.31
2013-10-31 08:00:00+00:00,66.18
2013-10-31 09:00:00+00:00,86.35
2013-10-31 10:00:00+00:00,79.02
2013-10-31 11:00:00+00:00,82.01
2013-10-31 12:00:00+00:00,86.38
2013-10-31 13:00:00+00:00,86.14
2013-10-31 14:00:00+00:00,80.13
2013-10-31 15:00:00+00:00,83.15
2013-10-31 16:00:00+00:00,79.76
2013-10-31 17:00:00+00:00,80.29
2013-10-31 18:00:00+00:00,76.01
2013-10-31 19:00:00+00:00,82.51
2013-10-31 20:00:00+00:00,89.47
2013-10-31 21:00:00+00:00,80.1
2013-10-31 22:00:00+00:00,81.99
2013-10-31 23:00:00+00:00,58.57
2013-11-01 00:00:00+00:00,44.8
2013-11-01 01:00:00+00:00,41.91
2013-11-01 02:00:00+00:00,33.65
2013-11-01 03:00:00+00:00,32.07
2013-11-01 04:00:00+00:00,35.46
2013-11-01 05:00:00+00:00,36.07
2013-11-01 06:00:00+00:00,43.85
2013-11-01 07:00:00+00:00,61.01
2013-11-01 08:00:00+00:00,72.32
2013-11-01 09:00:00+00:00,83.06
2013-11-01 10:00:00+00:00,78.54
2013-11-01 11:00:00+00:00,75.96
2013-11-01 12:00:00+00:00,79.37
2013-11-01 13:00:00+00:00,91.25
2013-11-01 14:00:00+00:00,88.98
2013-11-01 15:00:00+00:00,71.34
2013-11-01 16:00:00+00:00,77.56
2013-11-01 17:00:00+00:00,89.12
2013-11-01 18:00:00+00:00,80.95
2013-11-01 19:00:00+00:00,72.98
2013-11-01 20:00:00+00:00,62.22
2013-11-01 21:00:00+00:00,59.72
2013-11-01 22:00:00+00:00,59.38
2013-11-01 23:00:00+00:00,47.26
2013-11-02 00:00:00+00:00,44.06
2013-11-02 01:00:00+00:00,39.72
2013-11-02 02:00:00+00:00,35.04
2013-11-02 03:00:00+00:00,31.36
2013-11-02 04:00:00+00:00,31.39
2013-11-02 05:00:00+00:00,33.62
2013-11-02 06:00:00+00:00,46.5
2013-11-02 07:00:00+00:00,52.03
2013-11-02 08:00:00+00:00,65.18
2013-11-02 09:00:00+00:00,65.49
2013-11-02 10:00:00+00:00,68.52
2013-11-02 11:00:00+00:00,77.57
2013-11-02 12:00:00+00:00,73.68
2013-11-02 13:00:00+00:00,71.28
2013-11-02 14:00:00+00:00,70.11
2013-11-02 15:00:00+00:00,77.95
2013-11-02 16:00:00+00:00,77.73
2013-11-02 17:00:00+00:00,89.77
2013-11-02 18:00:00+00:00,88.99
2013-11-02 19:00:00+00:00,89.95
2013-11-02 20:00:00+00:00,113.37
2013-11-02 21:00:00+00:00,79.22
2013-11-02 22:00:00+00:00,69.82
2013-11-02 23:00:00+00:00,55.41
2013-11-03 00:00:00+00:00,46.17
2013-11-03 01:00:00+00:00,39.82
2013-11-03 02:00:00+00:00,38.34
2013-11-03 03:00:00+00:00,32.33
2013-11-03 04:00:00+00:00,29.36
2013-11-03 05:00:00+00:00,34.75
2013-11-03 06:00:00+00:00,38.34
2013-11-03 07:00:00+00:00,46.47
2013-11-03 08:00:00+00:00,73.62
2013-11-03 09:00:00+00:00,69.16
2013-11-03 10:00:00+00:00,80.86
2013-11-03 11:00:00+00:00,82.8
2013-11-03 12:00:00+00:00,80.02
2013-11-03 13:00:00+00:00,86.56
2013-11-03 14:00:00+00:00,94.95
2013-11-03 15:00:00+00:00,81.85
2013-11-03 16:00:00+00:00,88.35
2013-11-03 17:00:00+00:00,86.49
2013-11-03 18:00:00+00:00,80.6
2013-11-03 19:00:00+00:00,78.01
2013-11-03 20:00:00+00:00,81.4
2013-11-03 21:00:00+00:00,69.54
2013-11-03 22:00:00+00:00,61.97
2013-11-03 23:00:00+00:00,51.1
2013-11-04 00:00:00+00:00,46.81
2013-11-04 01:00:00+00:00,36.01
2013-11-04 02:00:00+00:00,31.54
2013-11-04 03:00:00+00:00,32.73
2013-11-04 04:00:00+00:00,31.41
2013-11-04 05:00:00+00:00,40.67
2013-11-04 06:00:00+00:00,65.49
2013-11-04 07:00:00+00:00,55.75
2013-11-04 08:00:00+00:00,51.27
2013-11-04 09:00:00+00:00,52.11
2013-11-04 10:00:00+00:00,59.16
2013-11-04 11:00:00+00:00,56.14
2013-11-04 12:00:00+00:00,52.49
2013-11-04 13:00:00+00:00,55.52
2013-11-04 14:00:00+00:00,70.39
2013-11-04 15:00:00+00:00,71.24
2013-11-04 16:00:00+00:00,79.13
2013-11-04 17:00:00+00:00,81.89
2013-11-04 18:00:00+00:00,81.22
2013-11-04 19:00:00+00:00,91.53
2013-11-04 20:00:00+00:00,91.9
2013-11-04 21:00:00+00:00,77.47
2013-11-04 22:00:00+00:00,68.05
2013-11-04 23:00:00+00:00,57.18
2013-11-05 00:00:00+00:00,50.41
2013-11-05 01:00:00+00:00,47.01
2013-11-05 02:00:00+00:00,39.34
2013-11-05 03:00:00+00:00,34.71
2013-11-05 04:00:00+00:00,35.25
2013-11-05 05:00:00+00:00,46.33
2013-11-05 06:00:00+00:00,61.44
2013-11-05 07:00:00+00:00,62.57
2013-11-05 08:00:00+00:00,57.34
2013-11-05 09:00:00+00:00,60.82
2013-11-05 10:00:00+00:00,56.42
2013-11-05 11:00:00+00:00,59.56
2013-11-05 12:00:00+00:00,60.26
2013-11-05 13:00:00+00:00,54.66
2013-11-05 14:00:00+00:00,57.6
2013-11-05 15:00:00+00:00,63.01
2013-11-05 16:00:00+00:00,68.15
2013-11-05 17:00:00+00:00,79.9
2013-11-05 18:00:00+00:00,84.91
2013-11-05 19:00:00+00:00,85.83
2013-11-05 20:00:00+00:00,110.91
2013-11-05 21:00:00+00:00,138.25
2013-11-05 22:00:00+00:00,72.43
2013-11-05 23:00:00+00:00,52.89
2013-11-06 00:00:00+00:00,43.25
2013-11-06 01:00:00+00:00,40.76
2013-11-06 02:00:00+00:00,30.27
2013-11-06 03:00:00+00:00,31.05
2013-11-06 04:00:00+00:00,32.81
2013-11-06 05:00:00+00:00,42.34
2013-11-06 06:00:00+00:00,62.55
2013-11-06 07:00:00+00:00,56.03
2013-11-06 08:00:00+00:00,51.73
2013-11-06 09:00:00+00:00,56.01
2013-11-06 10:00:00+00:00,48.42
2013-11-06 11:00:00+00:00,56.61
2013-11-06 12:00:00+00:00,60.77
2013-11-06 13:00:00+00:00,49.47
2013-11-06 14:00:00+00:00,53.79
2013-11-06 15:00:00+00:00,59.11
2013-11-06 16:00:00+00:00,64.42
2013-11-06 17:00:00+00:00,76.6
2013-11-06 18:00:00+00:00,80.4
2013-11-06 19:00:00+00:00,88.16
2013-11-06 20:00:00+00:00,74.7
2013-11-06 21:00:00+00:00,77.91
2013-11-06 22:00:00+00:00,66.46
2013-11-06 23:00:00+00:00,56.72
2013-11-07 00:00:00+00:00,43.78
2013-11-07 01:00:00+00:00,37.4
2013-11-07 02:00:00+00:00,32.0
2013-11-07 03:00:00+00:00,29.39
2013-11-07 04:00:00+00:00,30.44
2013-11-07 05:00:00+00:00,38.22
2013-11-07 06:00:00+00:00,53.24
2013-11-07 07:00:00+00:00,59.59
2013-11-07 08:00:00+00:00,46.36
2013-11-07 09:00:00+00:00,47.53
2013-11-07 10:00:00+00:00,47.0
2013-11-07 11:00:00+00:00,49.96
2013-11-07 12:00:00+00:00,46.68
2013-11-07 13:00:00+00:00,66.17
2013-11-07 14:00:00+00:00,56.5
2013-11-07 15:00:00+00:00,61.1
2013-11-07 16:00:00+00:00,64.84
2013-11-07 17:00:00+00:00,72.76
2013-11-07 18:00:00+00:00,89.93
2013-11-07 19:00:00+00:00,101.06
2013-11-07 20:00:00+00:00,111.79
2013-11-07 21:00:00+00:00,76.24
2013-11-07 22:00:00+00:00,68.08
2013-11-07 23:00:00+00:00,50.7
2013-11-08 00:00:00+00:00,38.23
2013-11-08 01:00:00+00:00,32.58
2013-11-08 02:00:00+00:00,28.76
2013-11-08 03:00:00+00:00,27.91
2013-11-08 04:00:00+00:00,32.0
2013-11-08 05:00:00+00:00,38.46
2013-11-08 06:00:00+00:00,56.42
2013-11-08 07:00:00+00:00,56.26
2013-11-08 08:00:00+00:00,57.12
2013-11-08 09:00:00+00:00,50.37
2013-11-08 10:00:00+00:00,44.9
2013-11-08 11:00:00+00:00,53.67
2013-11-08 12:00:00+00:00,57.24
2013-11-08 13:00:00+00:00,67.79
2013-11-08 14:00:00+00:00,67.22
2013-11-08 15:00:00+00:00,67.94
2013-11-08 16:00:00+00:00,78.59
2013-11-08 17:00:00+00:00,94.74
2013-11-08 18:00:00+00:00,81.11
2013-11-08 19:00:00+00:00,83.45
2013-11-08 20:00:00+00:00,86.45
2013-11-08 21:00:00+00:00,87.32
2013-11-08 22:00:00+00:00,71.05
2013-11-08 23:00:00+00:00,61.15
2013-11-09 00:00:00+00:00,54.0
2013-11-09 01:00:00+00:00,43.97
2013-11-09 02:00:00+00:00,36.63
2013-11-09 03:00:00+00:00,34.47
2013-11-09 04:00:00+00:00,37.98
2013-11-09 05:00:00+00:00,46.66
2013-11-09 06:00:00+00:00,49.97
2013-11-09 07:00:00+00:00,61.46
2013-11-09 08:00:00+00:00,69.23
2013-11-09 09:00:00+00:00,80.47
2013-11-09 10:00:00+00:00,72.41
2013-11-09 11:00:00+00:00,78.15
2013-11-09 12:00:00+00:00,85.41
2013-11-09 13:00:00+00:00,77.79
2013-11-09 14:00:00+00:00,86.44
2013-11-09 15:00:00+00:00,101.9
2013-11-09 16:00:00+00:00,86.04
2013-11-09 17:00:00+00:00,97.9
2013-11-09 18:00:00+00:00,100.91
2013-11-09 19:00:00+00:00,97.33
2013-11-09 20:00:00+00:00,101.48
2013-11-09 21:00:00+00:00,96.72
2013-11-09 22:00:00+00:00,77.7
2013-11-09 23:00:00+00:00,62.17
2013-11-10 00:00:00+00:00,58.8
2013-11-10 01:00:00+00:00,48.57
2013-11-10 02:00:00+00:00,49.04
2013-11-10 03:00:00+00:00,41.29
2013-11-10 04:00:00+00:00,42.07
2013-11-10 05:00:00+00:00,42.92
2013-11-10 06:00:00+00:00,42.56
2013-11-10 07:00:00+00:00,65.88
2013-11-10 08:00:00+00:00,76.09
2013-11-10 09:00:00+00:00,86.18
2013-11-10 10:00:00+00:00,81.49
2013-11-10 11:00:00+00:00,89.98
2013-11-10 12:00:00+00:00,93.86
2013-11-10 13:00:00+00:00,172.85
2013-11-10 14:00:00+00:00,104.17
2013-11-10 15:00:00+00:00,103.09
2013-11-10 16:00:00+00:00,97.69
2013-11-10 17:00:00+00:00,91.41
2013-11-10 18:00:00+00:00,109.02
2013-11-10 19:00:00+00:00,99.73
2013-11-10 20:00:00+00:00,103.41
2013-11-10 21:00:00+00:00,89.96
2013-11-10 22:00:00+00:00,78.51
2013-11-10 23:00:00+00:00,66.7
2013-11-11 00:00:00+00:00,51.41
2013-11-11 01:00:00+00:00,41.0
2013-11-11 02:00:00+00:00,36.44
2013-11-11 03:00:00+00:00,36.75
2013-11-11 04:00:00+00:00,41.11
2013-11-11 05:00:00+00:00,53.56
2013-11-11 06:00:00+00:00,58.03
2013-11-11 07:00:00+00:00,57.25
2013-11-11 08:00:00+00:00,50.36
2013-11-11 09:00:00+00:00,49.05
2013-11-11 10:00:00+00:00,43.68
2013-11-11 11:00:00+00:00,48.87
2013-11-11 12:00:00+00:00,62.87
2013-11-11 13:00:00+00:00,51.71
2013-11-11 14:00:00+00:00,52.44
2013-11-11 15:00:00+00:00,63.58
2013-11-11 16:00:00+00:00,67.12
2013-11-11 17:00:00+00:00,82.61
2013-11-11 18:00:00+00:00,89.93
2013-11-11 19:00:00+00:00,88.29
2013-11-11 20:00:00+00:00,89.63
2013-11-11 21:00:00+00:00,78.79
2013-11-11 22:00:00+00:00,69.63
2013-11-11 23:00:00+00:00,62.54
2013-11-12 00:00:00+00:00,46.75
2013-11-12 01:00:00+00:00,40.82
2013-11-12 02:00:00+00:00,37.38
2013-11-12 03:00:00+00:00,37.13
2013-11-12 04:00:00+00:00,37.49
2013-11-12 05:00:00+00:00,45.5
2013-11-12 06:00:00+00:00,54.42
2013-11-12 07:00:00+00:00,47.91
2013-11-12 08:00:00+00:00,47.14
2013-11-12 09:00:00+00:00,45.32
2013-11-12 10:00:00+00:00,43.58
2013-11-12 11:00:00+00:00,52.94
2013-11-12 12:00:00+00:00,62.55
2013-11-12 13:00:00+00:00,51.59
2013-11-12 14:00:00+00:00,55.43
2013-11-12 15:00:00+00:00,64.63
2013-11-12 16:00:00+00:00,66.8
2013-11-12 17:00:00+00:00,79.74
2013-11-12 18:00:00+00:00,79.39
2013-11-12 19:00:00+00:00,100.14
2013-11-12 20:00:00+00:00,80.32
2013-11-12 21:00:00+00:00,83.87
2013-11-12 22:00:00+00:00,77.52
2013-11-12 23:00:00+00:00,57.06
2013-11-13 00:00:00+00:00,43.22
2013-11-13 01:00:00+00:00,37.18
2013-11-13 02:00:00+00:00,38.52
2013-11-13 03:00:00+00:00,38.92
2013-11-13 04:00:00+00:00,32.47
2013-11-13 05:00:00+00:00,40.25
2013-11-13 06:00:00+00:00,49.28
2013-11-13 07:00:00+00:00,52.52
2013-11-13 08:00:00+00:00,53.89
2013-11-13 09:00:00+00:00,49.05
2013-11-13 10:00:00+00:00,48.99
2013-11-13 11:00:00+00:00,49.35
2013-11-13 12:00:00+00:00,67.12
2013-11-13 13:00:00+00:00,60.13
2013-11-13 14:00:00+00:00,62.76
2013-11-13 15:00:00+00:00,69.7
2013-11-13 16:00:00+00:00,75.43
2013-11-13 17:00:00+00:00,84.45
2013-11-13 18:00:00+00:00,83.72
2013-11-13 19:00:00+00:00,85.1
2013-11-13 20:00:00+00:00,87.59
2013-11-13 21:00:00+00:00,73.83
2013-11-13 22:00:00+00:00,67.37
2013-11-13 23:00:00+00:00,46.55
2013-11-14 00:00:00+00:00,45.98
2013-11-14 01:00:00+00:00,39.97
2013-11-14 02:00:00+00:00,31.16
2013-11-14 03:00:00+00:00,30.22
2013-11-14 04:00:00+00:00,35.97
2013-11-14 05:00:00+00:00,44.31
2013-11-14 06:00:00+00:00,55.94
2013-11-14 07:00:00+00:00,58.06
2013-11-14 08:00:00+00:00,54.69
2013-11-14 09:00:00+00:00,53.11
2013-11-14 10:00:00+00:00,52.79
2013-11-14 11:00:00+00:00,59.57
2013-11-14 12:00:00+00:00,60.97
2013-11-14 13:00:00+00:00,64.3
2013-11-14 14:00:00+00:00,58.4
2013-11-14 15:00:00+00:00,69.45
2013-11-14 16:00:00+00:00,72.48
2013-11-14 17:00:00+00:00,85.16
2013-11-14 18:00:00+00:00,84.43
2013-11-14 19:00:00+00:00,101.5
2013-11-14 20:00:00+00:00,84.28
2013-11-14 21:00:00+00:00,88.06
2013-11-14 22:00:00+00:00,79.35
2013-11-14 23:00:00+00:00,54.53
2013-11-15 00:00:00+00:00,46.66
2013-11-15 01:00:00+00:00,40.88
2013-11-15 02:00:00+00:00,33.36
2013-11-15 03:00:00+00:00,32.34
2013-11-15 04:00:00+00:00,38.49
2013-11-15 05:00:00+00:00,44.13
2013-11-15 06:00:00+00:00,55.65
2013-11-15 07:00:00+00:00,64.37
2013-11-15 08:00:00+00:00,58.64
2013-11-15 09:00:00+00:00,48.91
2013-11-15 10:00:00+00:00,52.48
2013-11-15 11:00:00+00:00,51.75
2013-11-15 12:00:00+00:00,60.78
2013-11-15 13:00:00+00:00,58.34
2013-11-15 14:00:00+00:00,61.77
2013-11-15 15:00:00+00:00,63.64
2013-11-15 16:00:00+00:00,73.93
2013-11-15 17:00:00+00:00,80.28
2013-11-15 18:00:00+00:00,96.86
2013-11-15 19:00:00+00:00,89.82
2013-11-15 20:00:00+00:00,88.13
2013-11-15 21:00:00+00:00,88.5
2013-11-15 22:00:00+00:00,62.95
2013-11-15 23:00:00+00:00,60.58
2013-11-16 00:00:00+00:00,49.66
2013-11-16 01:00:00+00:00,45.17
2013-11-16 02:00:00+00:00,45.86
2013-11-16 03:00:00+00:00,40.61
2013-11-16 04:00:00+00:00,35.67
2013-11-16 05:00:00+00:00,39.78
2013-11-16 06:00:00+00:00,59.88
2013-11-16 07:00:00+00:00,60.44
2013-11-16 08:00:00+00:00,77.63
2013-11-16 09:00:00+00:00,89.07
2013-11-16 10:00:00+00:00,73.25
2013-11-16 11:00:00+00:00,73.48
2013-11-16 12:00:00+00:00,80.15
2013-11-16 13:00:00+00:00,73.47
2013-11-16 14:00:00+00:00,77.38
2013-11-16 15:00:00+00:00,76.65
2013-11-16 16:00:00+00:00,75.5
2013-11-16 17:00:00+00:00,77.72
2013-11-16 18:00:00+00:00,87.83
2013-11-16 19:00:00+00:00,92.28
2013-11-16 20:00:00+00:00,87.36
2013-11-16 21:00:00+00:00,75.84
2013-11-16 22:00:00+00:00,70.17
2013-11-16 23:00:00+00:00,54.46
2013-11-17 00:00:00+00:00,45.87
2013-11-17 01:00:00+00:00,39.83
2013-11-17 02:00:00+00:00,37.64
2013-11-17 03:00:00+00:00,38.25
2013-11-17 04:00:00+00:00,31.59
2013-11-17 05:00:00+00:00,36.03
2013-11-17 06:00:00+00:00,43.03
2013-11-17 07:00:00+00:00,52.38
2013-11-17 08:00:00+00:00,77.16
2013-11-17 09:00:00+00:00,77.86
2013-11-17 10:00:00+00:00,92.23
2013-11-17 11:00:00+00:00,83.71
2013-11-17 12:00:00+00:00,95.69
2013-11-17 13:00:00+00:00,113.85
2013-11-17 14:00:00+00:00,85.31
2013-11-17 15:00:00+00:00,80.57
2013-11-17 16:00:00+00:00,81.77
2013-11-17 17:00:00+00:00,87.12
2013-11-17 18:00:00+00:00,82.81
2013-11-17 19:00:00+00:00,82.37
2013-11-17 20:00:00+00:00,85.49
2013-11-17 21:00:00+00:00,83.77
2013-11-17 22:00:00+00:00,74.77
2013-11-17 23:00:00+00:00,46.87
2013-11-18 00:00:00+00:00,43.43
2013-11-18 01:00:00+00:00,37.98
2013-11-18 02:00:00+00:00,32.95
2013-11-18 03:00:00+00:00,34.49
2013-11-18 04:00:00+00:00,36.47
2013-11-18 05:00:00+00:00,42.1
2013-11-18 06:00:00+00:00,56.29
2013-11-18 07:00:00+00:00,57.62
2013-11-18 08:00:00+00:00,54.33
2013-11-18 09:00:00+00:00,52.23
2013-11-18 10:00:00+00:00,49.79
2013-11-18 11:00:00+00:00,48.42
2013-11-18 12:00:00+00:00,54.55
2013-11-18 13:00:00+00:00,61.44
2013-11-18 14:00:00+00:00,62.52
2013-11-18 15:00:00+00:00,61.9
2013-11-18 16:00:00+00:00,77.8
2013-11-18 17:00:00+00:00,80.81
2013-11-18 18:00:00+00:00,84.71
2013-11-18 19:00:00+00:00,91.51
2013-11-18 20:00:00+00:00,108.7
2013-11-18 21:00:00+00:00,76.45
2013-11-18 22:00:00+00:00,76.25
2013-11-18 23:00:00+00:00,57.41
2013-11-19 00:00:00+00:00,45.95
2013-11-19 01:00:00+00:00,38.7
2013-11-19 02:00:00+00:00,31.06
2013-11-19 03:00:00+00:00,30.13
2013-11-19 04:00:00+00:00,37.72
2013-11-19 05:00:00+00:00,57.34
2013-11-19 06:00:00+00:00,58.2
2013-11-19 07:00:00+00:00,57.77
2013-11-19 08:00:00+00:00,54.92
2013-11-19 09:00:00+00:00,61.87
2013-11-19 10:00:00+00:00,51.32
2013-11-19 11:00:00+00:00,62.75
2013-11-19 12:00:00+00:00,61.0
2013-11-19 13:00:00+00:00,58.72
2013-11-19 14:00:00+00:00,67.91
2013-11-19 15:00:00+00:00,66.46
2013-11-19 16:00:00+00:00,75.83
2013-11-19 17:00:00+00:00,81.57
2013-11-19 18:00:00+00:00,90.54
2013-11-19 19:00:00+00:00,95.88
2013-11-19 20:00:00+00:00,89.08
2013-11-19 21:00:00+00:00,79.06
2013-11-19 22:00:00+00:00,62.3
2013-11-19 23:00:00+00:00,52.98
2013-11-20 00:00:00+00:00,46.1
2013-11-20 01:00:00+00:00,34.83
2013-11-20 02:00:00+00:00,29.72
2013-11-20 03:00:00+00:00,30.17
2013-11-20 04:00:00+00:00,32.83
2013-11-20 05:00:00+00:00,40.4
2013-11-20 06:00:00+00:00,54.86
2013-11-20 07:00:00+00:00,60.32
2013-11-20 08:00:00+00:00,54.44
2013-11-20 09:00:00+00:00,52.45
2013-11-20 10:00:00+00:00,51.83
2013-11-20 11:00:00+00:00,59.16
2013-11-20 12:00:00+00:00,70.52
2013-11-20 13:00:00+00:00,65.13
2013-11-20 14:00:00+00:00,59.12
2013-11-20 15:00:00+00:00,58.22
2013-11-20 16:00:00+00:00,72.88
2013-11-20 17:00:00+00:00,84.47
2013-11-20 18:00:00+00:00,102.43
2013-11-20 19:00:00+00:00,88.6
2013-11-20 20:00:00+00:00,82.37
2013-11-20 21:00:00+00:00,71.23
2013-11-20 22:00:00+00:00,67.51
2013-11-20 23:00:00+00:00,47.35
2013-11-21 00:00:00+00:00,39.99
2013-11-21 01:00:00+00:00,38.18
2013-11-21 02:00:00+00:00,38.53
2013-11-21 03:00:00+00:00,33.81
2013-11-21 04:00:00+00:00,35.73
2013-11-21 05:00:00+00:00,51.19
2013-11-21 06:00:00+00:00,63.53
2013-11-21 07:00:00+00:00,55.9
2013-11-21 08:00:00+00:00,46.69
2013-11-21 09:00:00+00:00,53.62
2013-11-21 10:00:00+00:00,54.46
2013-11-21 11:00:00+00:00,55.45
2013-11-21 12:00:00+00:00,62.65
2013-11-21 13:00:00+00:00,61.32
2013-11-21 14:00:00+00:00,59.78
2013-11-21 15:00:00+00:00,59.23
2013-11-21 16:00:00+00:00,63.15
2013-11-21 17:00:00+00:00,80.3
2013-11-21 18:00:00+00:00,95.2
2013-11-21 19:00:00+00:00,88.86
2013-11-21 20:00:00+00:00,88.38
2013-11-21 21:00:00+00:00,76.17
2013-11-21 22:00:00+00:00,70.07
2013-11-21 23:00:00+00:00,48.09
2013-11-22 00:00:00+00:00,44.13
2013-11-22 01:00:00+00:00,38.49
2013-11-22 02:00:00+00:00,33.95
2013-11-22 03:00:00+00:00,30.91
2013-11-22 04:00:00+00:00,33.66
2013-11-22 05:00:00+00:00,45.1
2013-11-22 06:00:00+00:00,64.05
2013-11-22 07:00:00+00:00,63.69
2013-11-22 08:00:00+00:00,54.46
2013-11-22 09:00:00+00:00,50.15
2013-11-22 10:00:00+00:00,55.49
2013-11-22 11:00:00+00:00,55.22
2013-11-22 12:00:00+00:00,59.85
2013-11-22 13:00:00+00:00,63.74
2013-11-22 14:00:00+00:00,68.9
2013-11-22 15:00:00+00:00,72.36
2013-11-22 16:00:00+00:00,83.4
2013-11-22 17:00:00+00:00,90.95
2013-11-22 18:00:00+00:00,90.56
2013-11-22 19:00:00+00:00,118.93
2013-11-22 20:00:00+00:00,88.07
2013-11-22 21:00:00+00:00,92.52
2013-11-22 22:00:00+00:00,76.51
2013-11-22 23:00:00+00:00,57.96
2013-11-23 00:00:00+00:00,44.96
2013-11-23 01:00:00+00:00,42.52
2013-11-23 02:00:00+00:00,37.24
2013-11-23 03:00:00+00:00,37.14
2013-11-23 04:00:00+00:00,34.61
2013-11-23 05:00:00+00:00,40.51
2013-11-23 06:00:00+00:00,48.39
2013-11-23 07:00:00+00:00,58.84
2013-11-23 08:00:00+00:00,67.63
2013-11-23 09:00:00+00:00,67.98
2013-11-23 10:00:00+00:00,71.31
2013-11-23 11:00:00+00:00,78.54
2013-11-23 12:00:00+00:00,102.4
2013-11-23 13:00:00+00:00,103.22
2013-11-23 14:00:00+00:00,82.66
2013-11-23 15:00:00+00:00,85.18
2013-11-23 16:00:00+00:00,81.7
2013-11-23 17:00:00+00:00,82.01
2013-11-23 18:00:00+00:00,81.16
2013-11-23 19:00:00+00:00,96.12
2013-11-23 20:00:00+00:00,113.21
2013-11-23 21:00:00+00:00,88.39
2013-11-23 22:00:00+00:00,73.47
2013-11-23 23:00:00+00:00,55.51
2013-11-24 00:00:00+00:00,45.92
2013-11-24 01:00:00+00:00,38.48
2013-11-24 02:00:00+00:00,33.87
2013-11-24 03:00:00+00:00,31.14
2013-11-24 04:00:00+00:00,31.59
2013-11-24 05:00:00+00:00,32.97
2013-11-24 06:00:00+00:00,42.16
2013-11-24 07:00:00+00:00,50.88
2013-11-24 08:00:00+00:00,69.84
2013-11-24 09:00:00+00:00,86.77
2013-11-24 10:00:00+00:00,74.9
2013-11-24 11:00:00+00:00,84.16
2013-11-24 12:00:00+00:00,102.27
2013-11-24 13:00:00+00:00,97.43
2013-11-24 14:00:00+00:00,85.09
2013-11-24 15:00:00+00:00,80.64
2013-11-24 16:00:00+00:00,81.42
2013-11-24 17:00:00+00:00,92.66
2013-11-24 18:00:00+00:00,75.23
2013-11-24 19:00:00+00:00,93.35
2013-11-24 20:00:00+00:00,109.59
2013-11-24 21:00:00+00:00,83.15
2013-11-24 22:00:00+00:00,73.78
2013-11-24 23:00:00+00:00,47.76
2013-11-25 00:00:00+00:00,38.4
2013-11-25 01:00:00+00:00,33.38
2013-11-25 02:00:00+00:00,32.08
2013-11-25 03:00:00+00:00,28.33
2013-11-25 04:00:00+00:00,31.62
2013-11-25 05:00:00+00:00,45.7
2013-11-25 06:00:00+00:00,51.94
2013-11-25 07:00:00+00:00,51.05
2013-11-25 08:00:00+00:00,48.9
2013-11-25 09:00:00+00:00,51.78
2013-11-25 10:00:00+00:00,41.41
2013-11-25 11:00:00+00:00,48.4
2013-11-25 12:00:00+00:00,58.13
2013-11-25 13:00:00+00:00,59.34
2013-11-25 14:00:00+00:00,59.09
2013-11-25 15:00:00+00:00,62.29
2013-11-25 16:00:00+00:00,68.8
2013-11-25 17:00:00+00:00,70.21
2013-11-25 18:00:00+00:00,74.33
2013-11-25 19:00:00+00:00,91.28
2013-11-25 20:00:00+00:00,90.76
2013-11-25 21:00:00+00:00,82.15
2013-11-25 22:00:00+00:00,70.67
2013-11-25 23:00:00+00:00,58.62
2013-11-26 00:00:00+00:00,42.5
2013-11-26 01:00:00+00:00,37.3
2013-11-26 02:00:00+00:00,31.15
2013-11-26 03:00:00+00:00,29.97
2013-11-26 04:00:00+00:00,31.95
2013-11-26 05:00:00+00:00,42.31
2013-11-26 06:00:00+00:00,54.22
2013-11-26 07:00:00+00:00,54.99
2013-11-26 08:00:00+00:00,55.65
2013-11-26 09:00:00+00:00,51.25
2013-11-26 10:00:00+00:00,52.7
2013-11-26 11:00:00+00:00,56.07
2013-11-26 12:00:00+00:00,60.42
2013-11-26 13:00:00+00:00,53.69
2013-11-26 14:00:00+00:00,61.43
2013-11-26 15:00:00+00:00,65.02
2013-11-26 16:00:00+00:00,74.31
2013-11-26 17:00:00+00:00,78.88
2013-11-26 18:00:00+00:00,81.72
2013-11-26 19:00:00+00:00,89.77
2013-11-26 20:00:00+00:00,95.68
2013-11-26 21:00:00+00:00,108.02
2013-11-26 22:00:00+00:00,70.97
2013-11-26 23:00:00+00:00,54.35
2013-11-27 00:00:00+00:00,44.78
2013-11-27 01:00:00+00:00,46.98
2013-11-27 02:00:00+00:00,35.36
2013-11-27 03:00:00+00:00,39.79
2013-11-27 04:00:00+00:00,36.75
2013-11-27 05:00:00+00:00,45.25
2013-11-27 06:00:00+00:00,52.39
2013-11-27 07:00:00+00:00,58.73
2013-11-27 08:00:00+00:00,49.19
2013-11-27 09:00:00+00:00,52.52
2013-11-27 10:00:00+00:00,49.02
2013-11-27 11:00:00+00:00,77.43
2013-11-27 12:00:00+00:00,61.05
2013-11-27 13:00:00+00:00,55.35
2013-11-27 14:00:00+00:00,56.37
2013-11-27 15:00:00+00:00,63.19
2013-11-27 16:00:00+00:00,65.61
2013-11-27 17:00:00+00:00,76.21
2013-11-27 18:00:00+00:00,80.24
2013-11-27 19:00:00+00:00,99.62
2013-11-27 20:00:00+00:00,114.15
2013-11-27 21:00:00+00:00,84.72
2013-11-27 22:00:00+00:00,65.77
2013-11-27 23:00:00+00:00,55.01
2013-11-28 00:00:00+00:00,44.49
2013-11-28 01:00:00+00:00,31.84
2013-11-28 02:00:00+00:00,30.26
2013-11-28 03:00:00+00:00,29.1
2013-11-28 04:00:00+00:00,36.8
2013-11-28 05:00:00+00:00,44.58
2013-11-28 06:00:00+00:00,51.31
2013-11-28 07:00:00+00:00,53.46
2013-11-28 08:00:00+00:00,47.59
2013-11-28 09:00:00+00:00,47.09
2013-11-28 10:00:00+00:00,49.23
2013-11-28 11:00:00+00:00,47.57
2013-11-28 12:00:00+00:00,55.9
2013-11-28 13:00:00+00:00,56.73
2013-11-28 14:00:00+00:00,65.0
2013-11-28 15:00:00+00:00,68.52
2013-11-28 16:00:00+00:00,69.14
2013-11-28 17:00:00+00:00,74.81
2013-11-28 18:00:00+00:00,84.07
2013-11-28 19:00:00+00:00,87.67
2013-11-28 20:00:00+00:00,86.7
2013-11-28 21:00:00+00:00,81.8
2013-11-28 22:00:00+00:00,61.51
2013-11-28 23:00:00+00:00,52.68
2013-11-29 00:00:00+00:00,40.54
2013-11-29 01:00:00+00:00,37.57
2013-11-29 02:00:00+00:00,31.95
2013-11-29 03:00:00+00:00,30.67
2013-11-29 04:00:00+00:00,33.66
2013-11-29 05:00:00+00:00,45.03
2013-11-29 06:00:00+00:00,56.68
2013-11-29 07:00:00+00:00,51.94
2013-11-29 08:00:00+00:00,55.37
2013-11-29 09:00:00+00:00,55.83
2013-11-29 10:00:00+00:00,53.06
2013-11-29 11:00:00+00:00,53.19
2013-11-29 12:00:00+00:00,57.43
2013-11-29 13:00:00+00:00,56.95
2013-11-29 14:00:00+00:00,64.82
2013-11-29 15:00:00+00:00,71.15
2013-11-29 16:00:00+00:00,76.87
2013-11-29 17:00:00+00:00,95.47
2013-11-29 18:00:00+00:00,90.89
2013-11-29 19:00:00+00:00,90.43
2013-11-29 20:00:00+00:00,87.14
2013-11-29 21:00:00+00:00,85.7
2013-11-29 22:00:00+00:00,73.23
2013-11-29 23:00:00+00:00,57.67
2013-11-30 00:00:00+00:00,52.06
2013-11-30 01:00:00+00:00,41.86
2013-11-30 02:00:00+00:00,36.52
2013-11-30 03:00:00+00:00,39.24
2013-11-30 04:00:00+00:00,41.46
2013-11-30 05:00:00+00:00,42.84
2013-11-30 06:00:00+00:00,49.69
2013-11-30 07:00:00+00:00,58.31
2013-11-30 08:00:00+00:00,66.18
2013-11-30 09:00:00+00:00,86.35
2013-11-30 10:00:00+00:00,79.02
2013-11-30 11:00:00+00:00,82.01
2013-11-30 12:00:00+00:00,86.38
2013-11-30 13:00:00+00:00,86.14
2013-11-30 14:00:00+00:00,80.13
2013-11-30 15:00:00+00:00,83.15
2013-11-30 16:00:00+00:00,79.76
2013-11-30 17:00:00+00:00,80.29
2013-11-30 18:00:00+00:00,76.01
2013-11-30 19:00:00+00:00,82.51
2013-11-30 20:00:00+00:00,89.47
2013-11-30 21:00:00+00:00,80.1
2013-11-30 22:00:00+00:00,81.99
2013-11-30 23:00:00+00:00,78.04
2013-12-01 00:00:00+00:00,73.52
2013-12-01 01:00:00+00:00,49.9
2013-12-01 02:00:00+00:00,39.95
2013-12-01 03:00:00+00:00,35.96
2013-12-01 04:00:00+00:00,30.56
2013-12-01 05:00:00+00:00,39.13
2013-12-01 06:00:00+00:00,56.3
2013-12-01 07:00:00+00:00,55.11
2013-12-01 08:00:00+00:00,63.06
2013-12-01 09:00:00+00:00,76.12
2013-12-01 10:00:00+00:00,83.61
2013-12-01 11:00:00+00:00,80.05
2013-12-01 12:00:00+00:00,84.97
2013-12-01 13:00:00+00:00,89.75
2013-12-01 14:00:00+00:00,76.72
2013-12-01 15:00:00+00:00,80.29
2013-12-01 16:00:00+00:00,79.95
2013-12-01 17:00:00+00:00,80.87
2013-12-01 18:00:00+00:00,79.71
2013-12-01 19:00:00+00:00,86.35
2013-12-01 20:00:00+00:00,84.09
2013-12-01 21:00:00+00:00,78.51
2013-12-01 22:00:00+00:00,70.42
2013-12-01 23:00:00+00:00,55.76
2013-12-02 00:00:00+00:00,49.79
2013-12-02 01:00:00+00:00,39.82
2013-12-02 02:00:00+00:00,38.29
2013-12-02 03:00:00+00:00,36.24
2013-12-02 04:00:00+00:00,38.57
2013-12-02 05:00:00+00:00,46.41
2013-12-02 06:00:00+00:00,58.31
2013-12-02 07:00:00+00:00,53.27
2013-12-02 08:00:00+00:00,46.27
2013-12-02 09:00:00+00:00,50.41
2013-12-02 10:00:00+00:00,49.56
2013-12-02 11:00:00+00:00,49.26
2013-12-02 12:00:00+00:00,57.2
2013-12-02 13:00:00+00:00,58.09
2013-12-02 14:00:00+00:00,60.27
2013-12-02 15:00:00+00:00,66.67
2013-12-02 16:00:00+00:00,67.65
2013-12-02 17:00:00+00:00,73.46
2013-12-02 18:00:00+00:00,86.68
2013-12-02 19:00:00+00:00,93.04
2013-12-02 20:00:00+00:00,81.46
2013-12-02 21:00:00+00:00,89.11
2013-12-02 22:00:00+00:00,64.9
2013-12-02 23:00:00+00:00,51.52
2013-12-03 00:00:00+00:00,49.94
2013-12-03 01:00:00+00:00,46.13
2013-12-03 02:00:00+00:00,43.38
2013-12-03 03:00:00+00:00,36.64
2013-12-03 04:00:00+00:00,34.37
2013-12-03 05:00:00+00:00,47.52
2013-12-03 06:00:00+00:00,59.15
2013-12-03 07:00:00+00:00,53.29
2013-12-03 08:00:00+00:00,62.29
2013-12-03 09:00:00+00:00,51.29
2013-12-03 10:00:00+00:00,51.71
2013-12-03 11:00:00+00:00,64.69
2013-12-03 12:00:00+00:00,65.01
2013-12-03 13:00:00+00:00,60.23
2013-12-03 14:00:00+00:00,62.38
2013-12-03 15:00:00+00:00,68.61
2013-12-03 16:00:00+00:00,70.59
2013-12-03 17:00:00+00:00,74.59
2013-12-03 18:00:00+00:00,82.39
2013-12-03 19:00:00+00:00,87.18
2013-12-03 20:00:00+00:00,86.15
2013-12-03 21:00:00+00:00,89.79
2013-12-03 22:00:00+00:00,62.52
2013-12-03 23:00:00+00:00,62.14
2013-12-04 00:00:00+00:00,47.95
2013-12-04 01:00:00+00:00,47.19
2013-12-04 02:00:00+00:00,36.29
2013-12-04 03:00:00+00:00,31.51
2013-12-04 04:00:00+00:00,36.47
2013-12-04 05:00:00+00:00,47.69
2013-12-04 06:00:00+00:00,56.97
2013-12-04 07:00:00+00:00,54.16
2013-12-04 08:00:00+00:00,53.04
2013-12-04 09:00:00+00:00,53.81
2013-12-04 10:00:00+00:00,53.1
2013-12-04 11:00:00+00:00,52.2
2013-12-04 12:00:00+00:00,62.22
2013-12-04 13:00:00+00:00,60.61
2013-12-04 14:00:00+00:00,64.01
2013-12-04 15:00:00+00:00,68.42
2013-12-04 16:00:00+00:00,75.44
2013-12-04 17:00:00+00:00,81.84
2013-12-04 18:00:00+00:00,86.99
2013-12-04 19:00:00+00:00,87.52
2013-12-04 20:00:00+00:00,100.97
2013-12-04 21:00:00+00:00,91.71
2013-12-04 22:00:00+00:00,67.25
2013-12-04 23:00:00+00:00,61.13
2013-12-05 00:00:00+00:00,51.99
2013-12-05 01:00:00+00:00,41.22
2013-12-05 02:00:00+00:00,39.53
2013-12-05 03:00:00+00:00,33.51
2013-12-05 04:00:00+00:00,38.91
2013-12-05 05:00:00+00:00,50.16
2013-12-05 06:00:00+00:00,57.34
2013-12-05 07:00:00+00:00,53.69
2013-12-05 08:00:00+00:00,57.09
2013-12-05 09:00:00+00:00,53.2
2013-12-05 10:00:00+00:00,50.82
2013-12-05 11:00:00+00:00,56.03
2013-12-05 12:00:00+00:00,56.58
2013-12-05 13:00:00+00:00,63.58
2013-12-05 14:00:00+00:00,71.81
2013-12-05 15:00:00+00:00,72.56
2013-12-05 16:00:00+00:00,71.81
2013-12-05 17:00:00+00:00,79.83
2013-12-05 18:00:00+00:00,89.94
2013-12-05 19:00:00+00:00,88.16
2013-12-05 20:00:00+00:00,88.65
2013-12-05 21:00:00+00:00,78.31
2013-12-05 22:00:00+00:00,64.49
2013-12-05 23:00:00+00:00,53.78
2013-12-06 00:00:00+00:00,49.54
2013-12-06 01:00:00+00:00,41.4
2013-12-06 02:00:00+00:00,36.44
2013-12-06 03:00:00+00:00,34.2
2013-12-06 04:00:00+00:00,36.45
2013-12-06 05:00:00+00:00,46.6
2013-12-06 06:00:00+00:00,61.51
2013-12-06 07:00:00+00:00,60.56
2013-12-06 08:00:00+00:00,55.56
2013-12-06 09:00:00+00:00,58.62
2013-12-06 10:00:00+00:00,59.86
2013-12-06 11:00:00+00:00,60.39
2013-12-06 12:00:00+00:00,71.79
2013-12-06 13:00:00+00:00,60.6
2013-12-06 14:00:00+00:00,67.84
2013-12-06 15:00:00+00:00,80.29
2013-12-06 16:00:00+00:00,77.03
2013-12-06 17:00:00+00:00,79.26
2013-12-06 18:00:00+00:00,88.89
2013-12-06 19:00:00+00:00,93.1
2013-12-06 20:00:00+00:00,84.92
2013-12-06 21:00:00+00:00,86.29
2013-12-06 22:00:00+00:00,79.64
2013-12-06 23:00:00+00:00,60.59
2013-12-07 00:00:00+00:00,50.16
2013-12-07 01:00:00+00:00,44.77
2013-12-07 02:00:00+00:00,39.87
2013-12-07 03:00:00+00:00,38.95
2013-12-07 04:00:00+00:00,54.31
2013-12-07 05:00:00+00:00,40.03
2013-12-07 06:00:00+00:00,50.82
2013-12-07 07:00:00+00:00,65.33
2013-12-07 08:00:00+00:00,81.5
2013-12-07 09:00:00+00:00,81.68
2013-12-07 10:00:00+00:00,68.21
2013-12-07 11:00:00+00:00,66.54
2013-12-07 12:00:00+00:00,83.11
2013-12-07 13:00:00+00:00,79.18
2013-12-07 14:00:00+00:00,71.2
2013-12-07 15:00:00+00:00,67.08
2013-12-07 16:00:00+00:00,73.59
2013-12-07 17:00:00+00:00,79.17
2013-12-07 18:00:00+00:00,84.87
2013-12-07 19:00:00+00:00,79.98
2013-12-07 20:00:00+00:00,77.99
2013-12-07 21:00:00+00:00,80.35
2013-12-07 22:00:00+00:00,82.55
2013-12-07 23:00:00+00:00,68.52
2013-12-08 00:00:00+00:00,61.0
2013-12-08 01:00:00+00:00,52.95
2013-12-08 02:00:00+00:00,48.78
2013-12-08 03:00:00+00:00,43.12
2013-12-08 04:00:00+00:00,36.21
2013-12-08 05:00:00+00:00,41.98
2013-12-08 06:00:00+00:00,48.79
2013-12-08 07:00:00+00:00,57.58
2013-12-08 08:00:00+00:00,70.28
2013-12-08 09:00:00+00:00,81.4
2013-12-08 10:00:00+00:00,73.49
2013-12-08 11:00:00+00:00,85.76
2013-12-08 12:00:00+00:00,96.8
2013-12-08 13:00:00+00:00,97.14
2013-12-08 14:00:00+00:00,96.05
2013-12-08 15:00:00+00:00,90.85
2013-12-08 16:00:00+00:00,89.14
2013-12-08 17:00:00+00:00,93.71
2013-12-08 18:00:00+00:00,91.94
2013-12-08 19:00:00+00:00,90.12
2013-12-08 20:00:00+00:00,84.69
2013-12-08 21:00:00+00:00,78.75
2013-12-08 22:00:00+00:00,78.45
2013-12-08 23:00:00+00:00,60.71
2013-12-09 00:00:00+00:00,48.9
2013-12-09 01:00:00+00:00,42.84
2013-12-09 02:00:00+00:00,42.2
2013-12-09 03:00:00+00:00,39.84
2013-12-09 04:00:00+00:00,39.89
2013-12-09 05:00:00+00:00,55.84
2013-12-09 06:00:00+00:00,80.01
2013-12-09 07:00:00+00:00,73.78
2013-12-09 08:00:00+00:00,65.48
2013-12-09 09:00:00+00:00,66.06
2013-12-09 10:00:00+00:00,66.01
2013-12-09 11:00:00+00:00,61.4
2013-12-09 12:00:00+00:00,84.36
2013-12-09 13:00:00+00:00,66.35
2013-12-09 14:00:00+00:00,73.93
2013-12-09 15:00:00+00:00,71.59
2013-12-09 16:00:00+00:00,71.24
2013-12-09 17:00:00+00:00,80.79
2013-12-09 18:00:00+00:00,70.38
2013-12-09 19:00:00+00:00,82.86
2013-12-09 20:00:00+00:00,82.73
2013-12-09 21:00:00+00:00,73.95
2013-12-09 22:00:00+00:00,69.4
2013-12-09 23:00:00+00:00,58.07
2013-12-10 00:00:00+00:00,54.73
2013-12-10 01:00:00+00:00,43.42
2013-12-10 02:00:00+00:00,37.14
2013-12-10 03:00:00+00:00,39.43
2013-12-10 04:00:00+00:00,40.89
2013-12-10 05:00:00+00:00,55.97
2013-12-10 06:00:00+00:00,73.66
2013-12-10 07:00:00+00:00,71.51
2013-12-10 08:00:00+00:00,62.64
2013-12-10 09:00:00+00:00,62.06
2013-12-10 10:00:00+00:00,58.84
2013-12-10 11:00:00+00:00,62.21
2013-12-10 12:00:00+00:00,66.92
2013-12-10 13:00:00+00:00,64.52
2013-12-10 14:00:00+00:00,70.31
2013-12-10 15:00:00+00:00,71.38
2013-12-10 16:00:00+00:00,75.54
2013-12-10 17:00:00+00:00,84.2
2013-12-10 18:00:00+00:00,92.71
2013-12-10 19:00:00+00:00,86.48
2013-12-10 20:00:00+00:00,95.68
2013-12-10 21:00:00+00:00,95.69
2013-12-10 22:00:00+00:00,78.96
2013-12-10 23:00:00+00:00,59.88
2013-12-11 00:00:00+00:00,47.66
2013-12-11 01:00:00+00:00,38.15
2013-12-11 02:00:00+00:00,41.64
2013-12-11 03:00:00+00:00,37.26
2013-12-11 04:00:00+00:00,40.75
2013-12-11 05:00:00+00:00,43.37
2013-12-11 06:00:00+00:00,58.59
2013-12-11 07:00:00+00:00,60.93
2013-12-11 08:00:00+00:00,57.59
2013-12-11 09:00:00+00:00,54.67
2013-12-11 10:00:00+00:00,58.58
2013-12-11 11:00:00+00:00,67.39
2013-12-11 12:00:00+00:00,71.26
2013-12-11 13:00:00+00:00,77.08
2013-12-11 14:00:00+00:00,73.27
2013-12-11 15:00:00+00:00,77.22
2013-12-11 16:00:00+00:00,75.4
2013-12-11 17:00:00+00:00,85.2
2013-12-11 18:00:00+00:00,96.22
2013-12-11 19:00:00+00:00,85.81
2013-12-11 20:00:00+00:00,92.94
2013-12-11 21:00:00+00:00,94.61
2013-12-11 22:00:00+00:00,72.04
2013-12-11 23:00:00+00:00,59.92
2013-12-12 00:00:00+00:00,42.85
2013-12-12 01:00:00+00:00,39.7
2013-12-12 02:00:00+00:00,34.03
2013-12-12 03:00:00+00:00,40.78
2013-12-12 04:00:00+00:00,40.12
2013-12-12 05:00:00+00:00,49.65
2013-12-12 06:00:00+00:00,62.9
2013-12-12 07:00:00+00:00,63.71
2013-12-12 08:00:00+00:00,57.14
2013-12-12 09:00:00+00:00,65.64
2013-12-12 10:00:00+00:00,57.04
2013-12-12 11:00:00+00:00,52.81
2013-12-12 12:00:00+00:00,71.77
2013-12-12 13:00:00+00:00,62.73
2013-12-12 14:00:00+00:00,70.51
2013-12-12 15:00:00+00:00,78.7
2013-12-12 16:00:00+00:00,73.0
2013-12-12 17:00:00+00:00,85.96
2013-12-12 18:00:00+00:00,79.0
2013-12-12 19:00:00+00:00,88.69
2013-12-12 20:00:00+00:00,81.03
2013-12-12 21:00:00+00:00,82.6
2013-12-12 22:00:00+00:00,70.9
2013-12-12 23:00:00+00:00,53.48
2013-12-13 00:00:00+00:00,42.78
2013-12-13 01:00:00+00:00,42.42
2013-12-13 02:00:00+00:00,37.2
2013-12-13 03:00:00+00:00,31.1
2013-12-13 04:00:00+00:00,35.75
2013-12-13 05:00:00+00:00,45.36
2013-12-13 06:00:00+00:00,55.82
2013-12-13 07:00:00+00:00,59.97
2013-12-13 08:00:00+00:00,47.53
2013-12-13 09:00:00+00:00,53.69
2013-12-13 10:00:00+00:00,59.11
2013-12-13 11:00:00+00:00,52.62
2013-12-13 12:00:00+00:00,57.82
2013-12-13 13:00:00+00:00,68.05
2013-12-13 14:00:00+00:00,64.18
2013-12-13 15:00:00+00:00,63.42
2013-12-13 16:00:00+00:00,77.94
2013-12-13 17:00:00+00:00,79.55
2013-12-13 18:00:00+00:00,82.23
2013-12-13 19:00:00+00:00,85.72
2013-12-13 20:00:00+00:00,80.6
2013-12-13 21:00:00+00:00,80.15
2013-12-13 22:00:00+00:00,61.25
2013-12-13 23:00:00+00:00,55.17
2013-12-14 00:00:00+00:00,43.57
2013-12-14 01:00:00+00:00,42.73
2013-12-14 02:00:00+00:00,38.63
2013-12-14 03:00:00+00:00,35.46
2013-12-14 04:00:00+00:00,33.12
2013-12-14 05:00:00+00:00,32.64
2013-12-14 06:00:00+00:00,44.74
2013-12-14 07:00:00+00:00,63.49
2013-12-14 08:00:00+00:00,77.72
2013-12-14 09:00:00+00:00,75.72
2013-12-14 10:00:00+00:00,72.23
2013-12-14 11:00:00+00:00,72.75
2013-12-14 12:00:00+00:00,78.1
2013-12-14 13:00:00+00:00,81.99
2013-12-14 14:00:00+00:00,78.37
2013-12-14 15:00:00+00:00,81.44
2013-12-14 16:00:00+00:00,77.32
2013-12-14 17:00:00+00:00,83.07
2013-12-14 18:00:00+00:00,83.03
2013-12-14 19:00:00+00:00,77.44
2013-12-14 20:00:00+00:00,83.78
2013-12-14 21:00:00+00:00,84.23
2013-12-14 22:00:00+00:00,74.93
2013-12-14 23:00:00+00:00,62.87
2013-12-15 00:00:00+00:00,47.36
2013-12-15 01:00:00+00:00,43.7
2013-12-15 02:00:00+00:00,35.32
2013-12-15 03:00:00+00:00,31.13
2013-12-15 04:00:00+00:00,30.58
2013-12-15 05:00:00+00:00,31.15
2013-12-15 06:00:00+00:00,35.81
2013-12-15 07:00:00+00:00,51.44
2013-12-15 08:00:00+00:00,76.23
2013-12-15 09:00:00+00:00,79.11
2013-12-15 10:00:00+00:00,79.23
2013-12-15 11:00:00+00:00,84.04
2013-12-15 12:00:00+00:00,95.58
2013-12-15 13:00:00+00:00,92.48
2013-12-15 14:00:00+00:00,90.83
2013-12-15 15:00:00+00:00,91.72
2013-12-15 16:00:00+00:00,83.66
2013-12-15 17:00:00+00:00,83.07
2013-12-15 18:00:00+00:00,79.01
2013-12-15 19:00:00+00:00,81.8
2013-12-15 20:00:00+00:00,77.42
2013-12-15 21:00:00+00:00,77.29
2013-12-15 22:00:00+00:00,64.12
2013-12-15 23:00:00+00:00,58.33
2013-12-16 00:00:00+00:00,48.93
2013-12-16 01:00:00+00:00,38.25
2013-12-16 02:00:00+00:00,32.11
2013-12-16 03:00:00+00:00,30.04
2013-12-16 04:00:00+00:00,36.6
2013-12-16 05:00:00+00:00,44.63
2013-12-16 06:00:00+00:00,53.41
2013-12-16 07:00:00+00:00,55.25
2013-12-16 08:00:00+00:00,51.63
2013-12-16 09:00:00+00:00,47.75
2013-12-16 10:00:00+00:00,47.85
2013-12-16 11:00:00+00:00,53.59
2013-12-16 12:00:00+00:00,60.89
2013-12-16 13:00:00+00:00,58.82
2013-12-16 14:00:00+00:00,59.74
2013-12-16 15:00:00+00:00,62.47
2013-12-16 16:00:00+00:00,74.45
2013-12-16 17:00:00+00:00,78.73
2013-12-16 18:00:00+00:00,78.81
2013-12-16 19:00:00+00:00,83.89
2013-12-16 20:00:00+00:00,84.79
2013-12-16 21:00:00+00:00,79.04
2013-12-16 22:00:00+00:00,66.55
2013-12-16 23:00:00+00:00,49.64
2013-12-17 00:00:00+00:00,43.69
2013-12-17 01:00:00+00:00,42.62
2013-12-17 02:00:00+00:00,35.94
2013-12-17 03:00:00+00:00,34.44
2013-12-17 04:00:00+00:00,33.77
2013-12-17 05:00:00+00:00,46.46
2013-12-17 06:00:00+00:00,61.82
2013-12-17 07:00:00+00:00,58.35
2013-12-17 08:00:00+00:00,59.62
2013-12-17 09:00:00+00:00,60.19
2013-12-17 10:00:00+00:00,55.92
2013-12-17 11:00:00+00:00,54.83
2013-12-17 12:00:00+00:00,62.66
2013-12-17 13:00:00+00:00,63.62
2013-12-17 14:00:00+00:00,68.26
2013-12-17 15:00:00+00:00,71.5
2013-12-17 16:00:00+00:00,72.65
2013-12-17 17:00:00+00:00,79.93
2013-12-17 18:00:00+00:00,68.36
2013-12-17 19:00:00+00:00,67.64
2013-12-17 20:00:00+00:00,79.7
2013-12-17 21:00:00+00:00,84.11
2013-12-17 22:00:00+00:00,64.14
2013-12-17 23:00:00+00:00,56.72
2013-12-18 00:00:00+00:00,42.41
2013-12-18 01:00:00+00:00,37.0
2013-12-18 02:00:00+00:00,39.48
2013-12-18 03:00:00+00:00,37.0
2013-12-18 04:00:00+00:00,42.51
2013-12-18 05:00:00+00:00,53.08
2013-12-18 06:00:00+00:00,67.1
2013-12-18 07:00:00+00:00,60.98
2013-12-18 08:00:00+00:00,54.61
2013-12-18 09:00:00+00:00,53.67
2013-12-18 10:00:00+00:00,53.39
2013-12-18 11:00:00+00:00,54.83
2013-12-18 12:00:00+00:00,62.31
2013-12-18 13:00:00+00:00,65.17
2013-12-18 14:00:00+00:00,64.19
2013-12-18 15:00:00+00:00,61.17
2013-12-18 16:00:00+00:00,77.29
2013-12-18 17:00:00+00:00,74.2
2013-12-18 18:00:00+00:00,83.16
2013-12-18 19:00:00+00:00,82.48
2013-12-18 20:00:00+00:00,82.51
2013-12-18 21:00:00+00:00,70.24
2013-12-18 22:00:00+00:00,67.28
2013-12-18 23:00:00+00:00,64.55
2013-12-19 00:00:00+00:00,43.42
2013-12-19 01:00:00+00:00,37.98
2013-12-19 02:00:00+00:00,31.93
2013-12-19 03:00:00+00:00,27.77
2013-12-19 04:00:00+00:00,32.76
2013-12-19 05:00:00+00:00,42.0
2013-12-19 06:00:00+00:00,58.71
2013-12-19 07:00:00+00:00,60.54
2013-12-19 08:00:00+00:00,56.73
2013-12-19 09:00:00+00:00,56.07
2013-12-19 10:00:00+00:00,51.04
2013-12-19 11:00:00+00:00,58.64
2013-12-19 12:00:00+00:00,57.72
2013-12-19 13:00:00+00:00,59.34
2013-12-19 14:00:00+00:00,66.63
2013-12-19 15:00:00+00:00,63.42
2013-12-19 16:00:00+00:00,76.69
2013-12-19 17:00:00+00:00,83.01
2013-12-19 18:00:00+00:00,80.79
2013-12-19 19:00:00+00:00,80.82
2013-12-19 20:00:00+00:00,81.06
2013-12-19 21:00:00+00:00,72.98
2013-12-19 22:00:00+00:00,64.66
2013-12-19 23:00:00+00:00,51.83
2013-12-20 00:00:00+00:00,43.43
2013-12-20 01:00:00+00:00,44.28
2013-12-20 02:00:00+00:00,38.31
2013-12-20 03:00:00+00:00,42.26
2013-12-20 04:00:00+00:00,38.19
2013-12-20 05:00:00+00:00,46.51
2013-12-20 06:00:00+00:00,63.44
2013-12-20 07:00:00+00:00,66.74
2013-12-20 08:00:00+00:00,55.88
2013-12-20 09:00:00+00:00,60.15
2013-12-20 10:00:00+00:00,55.49
2013-12-20 11:00:00+00:00,53.0
2013-12-20 12:00:00+00:00,65.73
2013-12-20 13:00:00+00:00,71.21
2013-12-20 14:00:00+00:00,68.65
2013-12-20 15:00:00+00:00,65.95
2013-12-20 16:00:00+00:00,75.4
2013-12-20 17:00:00+00:00,90.51
2013-12-20 18:00:00+00:00,83.0
2013-12-20 19:00:00+00:00,82.42
2013-12-20 20:00:00+00:00,86.06
2013-12-20 21:00:00+00:00,78.77
2013-12-20 22:00:00+00:00,74.89
2013-12-20 23:00:00+00:00,62.32
2013-12-21 00:00:00+00:00,54.04
2013-12-21 01:00:00+00:00,48.81
2013-12-21 02:00:00+00:00,37.15
2013-12-21 03:00:00+00:00,34.57
2013-12-21 04:00:00+00:00,33.39
2013-12-21 05:00:00+00:00,40.19
2013-12-21 06:00:00+00:00,44.76
2013-12-21 07:00:00+00:00,53.75
2013-12-21 08:00:00+00:00,66.27
2013-12-21 09:00:00+00:00,77.54
2013-12-21 10:00:00+00:00,83.67
2013-12-21 11:00:00+00:00,71.89
2013-12-21 12:00:00+00:00,71.4
2013-12-21 13:00:00+00:00,83.42
2013-12-21 14:00:00+00:00,81.15
2013-12-21 15:00:00+00:00,86.35
2013-12-21 16:00:00+00:00,74.67
2013-12-21 17:00:00+00:00,87.18
2013-12-21 18:00:00+00:00,80.49
2013-12-21 19:00:00+00:00,81.07
2013-12-21 20:00:00+00:00,82.12
2013-12-21 21:00:00+00:00,74.61
2013-12-21 22:00:00+00:00,72.72
2013-12-21 23:00:00+00:00,67.85
2013-12-22 00:00:00+00:00,52.9
2013-12-22 01:00:00+00:00,44.29
2013-12-22 02:00:00+00:00,37.04
2013-12-22 03:00:00+00:00,34.13
2013-12-22 04:00:00+00:00,35.32
2013-12-22 05:00:00+00:00,35.13
2013-12-22 06:00:00+00:00,42.82
2013-12-22 07:00:00+00:00,52.62
2013-12-22 08:00:00+00:00,68.58
2013-12-22 09:00:00+00:00,83.04
2013-12-22 10:00:00+00:00,79.89
2013-12-22 11:00:00+00:00,85.02
2013-12-22 12:00:00+00:00,87.54
2013-12-22 13:00:00+00:00,91.14
2013-12-22 14:00:00+00:00,83.1
2013-12-22 15:00:00+00:00,65.9
2013-12-22 16:00:00+00:00,70.57
2013-12-22 17:00:00+00:00,76.4
2013-12-22 18:00:00+00:00,78.56
2013-12-22 19:00:00+00:00,71.42
2013-12-22 20:00:00+00:00,70.28
2013-12-22 21:00:00+00:00,71.97
2013-12-22 22:00:00+00:00,63.0
2013-12-22 23:00:00+00:00,50.51
2013-12-23 00:00:00+00:00,42.94
2013-12-23 01:00:00+00:00,38.94
2013-12-23 02:00:00+00:00,35.43
2013-12-23 03:00:00+00:00,31.8
2013-12-23 04:00:00+00:00,33.98
2013-12-23 05:00:00+00:00,44.68
2013-12-23 06:00:00+00:00,55.14
2013-12-23 07:00:00+00:00,65.74
2013-12-23 08:00:00+00:00,62.89
2013-12-23 09:00:00+00:00,63.72
2013-12-23 10:00:00+00:00,65.72
2013-12-23 11:00:00+00:00,61.53
2013-12-23 12:00:00+00:00,73.88
2013-12-23 13:00:00+00:00,69.37
2013-12-23 14:00:00+00:00,73.94
2013-12-23 15:00:00+00:00,75.06
2013-12-23 16:00:00+00:00,72.58
2013-12-23 17:00:00+00:00,76.02
2013-12-23 18:00:00+00:00,86.05
2013-12-23 19:00:00+00:00,89.05
2013-12-23 20:00:00+00:00,80.87
2013-12-23 21:00:00+00:00,76.69
2013-12-23 22:00:00+00:00,70.38
2013-12-23 23:00:00+00:00,60.54
2013-12-24 00:00:00+00:00,52.46
2013-12-24 01:00:00+00:00,48.76
2013-12-24 02:00:00+00:00,36.73
2013-12-24 03:00:00+00:00,34.24
2013-12-24 04:00:00+00:00,31.23
2013-12-24 05:00:00+00:00,35.41
2013-12-24 06:00:00+00:00,49.09
2013-12-24 07:00:00+00:00,58.63
2013-12-24 08:00:00+00:00,67.07
2013-12-24 09:00:00+00:00,75.33
2013-12-24 10:00:00+00:00,75.43
2013-12-24 11:00:00+00:00,66.81
2013-12-24 12:00:00+00:00,65.3
2013-12-24 13:00:00+00:00,76.98
2013-12-24 14:00:00+00:00,79.97
2013-12-24 15:00:00+00:00,82.49
2013-12-24 16:00:00+00:00,94.79
2013-12-24 17:00:00+00:00,94.03
2013-12-24 18:00:00+00:00,100.72
2013-12-24 19:00:00+00:00,98.18
2013-12-24 20:00:00+00:00,91.9
2013-12-24 21:00:00+00:00,85.04
2013-12-24 22:00:00+00:00,80.67
2013-12-24 23:00:00+00:00,69.23
2013-12-25 00:00:00+00:00,61.34
2013-12-25 01:00:00+00:00,51.48
2013-12-25 02:00:00+00:00,51.14
2013-12-25 03:00:00+00:00,41.17
2013-12-25 04:00:00+00:00,37.4
2013-12-25 05:00:00+00:00,37.89
2013-12-25 06:00:00+00:00,43.28
2013-12-25 07:00:00+00:00,57.83
2013-12-25 08:00:00+00:00,79.23
2013-12-25 09:00:00+00:00,79.69
2013-12-25 10:00:00+00:00,91.98
2013-12-25 11:00:00+00:00,91.32
2013-12-25 12:00:00+00:00,88.7
2013-12-25 13:00:00+00:00,92.81
2013-12-25 14:00:00+00:00,99.91
2013-12-25 15:00:00+00:00,101.24
2013-12-25 16:00:00+00:00,94.77
2013-12-25 17:00:00+00:00,95.67
2013-12-25 18:00:00+00:00,96.3
2013-12-25 19:00:00+00:00,91.85
2013-12-25 20:00:00+00:00,98.98
2013-12-25 21:00:00+00:00,87.2
2013-12-25 22:00:00+00:00,74.94
2013-12-25 23:00:00+00:00,68.1
2013-12-26 00:00:00+00:00,56.22
2013-12-26 01:00:00+00:00,47.8
2013-12-26 02:00:00+00:00,46.31
2013-12-26 03:00:00+00:00,38.59
2013-12-26 04:00:00+00:00,34.65
2013-12-26 05:00:00+00:00,38.2
2013-12-26 06:00:00+00:00,48.86
2013-12-26 07:00:00+00:00,54.37
2013-12-26 08:00:00+00:00,63.35
2013-12-26 09:00:00+00:00,72.8
2013-12-26 10:00:00+00:00,80.73
2013-12-26 11:00:00+00:00,86.45
2013-12-26 12:00:00+00:00,86.07
2013-12-26 13:00:00+00:00,98.17
2013-12-26 14:00:00+00:00,99.27
2013-12-26 15:00:00+00:00,91.74
2013-12-26 16:00:00+00:00,93.96
2013-12-26 17:00:00+00:00,84.17
2013-12-26 18:00:00+00:00,83.43
2013-12-26 19:00:00+00:00,91.02
2013-12-26 20:00:00+00:00,82.89
2013-12-26 21:00:00+00:00,71.07
2013-12-26 22:00:00+00:00,75.42
2013-12-26 23:00:00+00:00,63.47
2013-12-27 00:00:00+00:00,58.07
2013-12-27 01:00:00+00:00,51.21
2013-12-27 02:00:00+00:00,39.58
2013-12-27 03:00:00+00:00,35.99
2013-12-27 04:00:00+00:00,30.81
2013-12-27 05:00:00+00:00,36.59
2013-12-27 06:00:00+00:00,47.85
2013-12-27 07:00:00+00:00,62.29
2013-12-27 08:00:00+00:00,61.63
2013-12-27 09:00:00+00:00,70.83
2013-12-27 10:00:00+00:00,75.7
2013-12-27 11:00:00+00:00,77.97
2013-12-27 12:00:00+00:00,77.43
2013-12-27 13:00:00+00:00,81.67
2013-12-27 14:00:00+00:00,75.77
2013-12-27 15:00:00+00:00,78.21
2013-12-27 16:00:00+00:00,71.66
2013-12-27 17:00:00+00:00,85.56
2013-12-27 18:00:00+00:00,85.66
2013-12-27 19:00:00+00:00,82.19
2013-12-27 20:00:00+00:00,79.69
2013-12-27 21:00:00+00:00,83.37
2013-12-27 22:00:00+00:00,76.65
2013-12-27 23:00:00+00:00,59.7
2013-12-28 00:00:00+00:00,56.4
2013-12-28 01:00:00+00:00,47.82
2013-12-28 02:00:00+00:00,42.51
2013-12-28 03:00:00+00:00,40.67
2013-12-28 04:00:00+00:00,38.82
2013-12-28 05:00:00+00:00,36.46
2013-12-28 06:00:00+00:00,43.11
2013-12-28 07:00:00+00:00,51.17
2013-12-28 08:00:00+00:00,67.46
2013-12-28 09:00:00+00:00,81.15
2013-12-28 10:00:00+00:00,80.84
2013-12-28 11:00:00+00:00,82.83
2013-12-28 12:00:00+00:00,81.19
2013-12-28 13:00:00+00:00,79.46
2013-12-28 14:00:00+00:00,74.63
2013-12-28 15:00:00+00:00,82.44
2013-12-28 16:00:00+00:00,87.31
2013-12-28 17:00:00+00:00,79.85
2013-12-28 18:00:00+00:00,84.07
2013-12-28 19:00:00+00:00,84.79
2013-12-28 20:00:00+00:00,93.58
2013-12-28 21:00:00+00:00,104.66
2013-12-28 22:00:00+00:00,88.12
2013-12-28 23:00:00+00:00,58.84
2013-12-29 00:00:00+00:00,53.65
2013-12-29 01:00:00+00:00,43.62
2013-12-29 02:00:00+00:00,38.76
2013-12-29 03:00:00+00:00,34.53
2013-12-29 04:00:00+00:00,30.76
2013-12-29 05:00:00+00:00,31.49
2013-12-29 06:00:00+00:00,38.76
2013-12-29 07:00:00+00:00,46.24
2013-12-29 08:00:00+00:00,60.37
2013-12-29 09:00:00+00:00,67.4
2013-12-29 10:00:00+00:00,73.25
2013-12-29 11:00:00+00:00,83.25
2013-12-29 12:00:00+00:00,77.93
2013-12-29 13:00:00+00:00,73.57
2013-12-29 14:00:00+00:00,70.61
2013-12-29 15:00:00+00:00,72.53
2013-12-29 16:00:00+00:00,76.55
2013-12-29 17:00:00+00:00,79.94
2013-12-29 18:00:00+00:00,79.47
2013-12-29 19:00:00+00:00,85.35
2013-12-29 20:00:00+00:00,76.78
2013-12-29 21:00:00+00:00,74.68
2013-12-29 22:00:00+00:00,71.93
2013-12-29 23:00:00+00:00,60.01
2013-12-30 00:00:00+00:00,47.57
2013-12-30 01:00:00+00:00,40.64
2013-12-30 02:00:00+00:00,36.75
2013-12-30 03:00:00+00:00,34.64
2013-12-30 04:00:00+00:00,34.65
2013-12-30 05:00:00+00:00,38.67
2013-12-30 06:00:00+00:00,42.09
2013-12-30 07:00:00+00:00,50.19
2013-12-30 08:00:00+00:00,60.49
2013-12-30 09:00:00+00:00,65.55
2013-12-30 10:00:00+00:00,66.0
2013-12-30 11:00:00+00:00,65.48
2013-12-30 12:00:00+00:00,76.49
2013-12-30 13:00:00+00:00,72.24
2013-12-30 14:00:00+00:00,70.44
2013-12-30 15:00:00+00:00,66.0
2013-12-30 16:00:00+00:00,66.2
2013-12-30 17:00:00+00:00,68.72
2013-12-30 18:00:00+00:00,76.4
2013-12-30 19:00:00+00:00,71.1
2013-12-30 20:00:00+00:00,76.39
2013-12-30 21:00:00+00:00,72.84
2013-12-30 22:00:00+00:00,64.69
2013-12-30 23:00:00+00:00,50.13
2013-12-31 00:00:00+00:00,47.89
2013-12-31 01:00:00+00:00,42.09
2013-12-31 02:00:00+00:00,35.18
2013-12-31 03:00:00+00:00,27.8
2013-12-31 04:00:00+00:00,28.3
2013-12-31 05:00:00+00:00,29.75
2013-12-31 06:00:00+00:00,33.18
2013-12-31 07:00:00+00:00,47.65
2013-12-31 08:00:00+00:00,51.06
2013-12-31 09:00:00+00:00,60.32
2013-12-31 10:00:00+00:00,63.66
2013-12-31 11:00:00+00:00,64.72
2013-12-31 12:00:00+00:00,68.86
2013-12-31 13:00:00+00:00,73.29
2013-12-31 14:00:00+00:00,74.64
2013-12-31 15:00:00+00:00,71.39
2013-12-31 16:00:00+00:00,74.11
2013-12-31 17:00:00+00:00,75.02
2013-12-31 18:00:00+00:00,72.3
2013-12-31 19:00:00+00:00,72.38
2013-12-31 20:00:00+00:00,75.15
2013-12-31 21:00:00+00:00,79.46
2013-12-31 22:00:00+00:00,80.65
